power_W,surrogate_return_mean,surrogate_return_std,real_return_mean,real_return_std,gap_surr_minus_real
100.0,-8.4040,0.0000,-3.0673,0.0000,-5.3367
130.0,-5.3751,0.0000,-4.8649,0.0000,-0.5102
160.0,-3.5861,0.0000,-10.5363,0.0000,6.9502
190.0,-3.7917,0.0000,-17.9558,0.0000,14.1641
220.0,-5.7468,0.0000,-26.0486,0.0000,20.3017
250.0,-8.8890,0.0000,-34.5171,0.0000,25.6282
280.0,-12.8289,0.0000,-43.1034,0.0000,30.2745
310.0,-17.3631,0.0000,-51.8163,0.0000,34.4532
340.0,-22.4993,0.0000,-60.5810,0.0000,38.0817
370.0,-28.4826,0.0000,-69.3791,0.0000,40.8964
400.0,-36.6168,0.0000,-78.1891,0.0000,41.5723
