name,return_mean,return_std,deviation_K_mean,deviation_K_std,uncertainty_mean,action_mean,action_std
5. Online Q-learning,-2.216322,0.260805,147.7548,17.3870,0.006528,176.8000,54.1334
0. Naive PG,-2.255382,0.278463,150.3588,18.5642,0.006423,168.8610,45.4612
UCPG v2 (ours),-2.304246,0.377243,153.6164,25.1495,0.006580,169.2445,46.3721
4. Kalman filter,-2.442121,0.335651,162.8080,22.3767,0.005581,190.4424,53.1723
4. Particle filter,-2.516216,0.294180,167.7477,19.6120,0.005577,193.6416,54.6120
3. Constant (best=160W, reference only),-3.848580,0.403744,256.5720,26.9162,0.006030,160.0000,0.0000
1. Offline Q-learning,-4.761337,0.841238,317.4225,56.0825,0.007379,140.0000,0.0000
2. Proportional,-9.810648,3.437874,654.0432,229.1916,0.003840,249.8535,0.2576
3. Constant (mean of sweep),-14.237211,10.465382,949.1474,697.6921,0.009644,250.0000,89.4427
